1.215.70.130,44072,KR,Korea,elite proxy,no,yes,1 minute ago
192.140.42.81,40242,BR,Brazil,elite proxy,no,yes,1 minute ago
36.37.177.186,8080,KH,Cambodia,elite proxy,no,yes,1 minute ago
41.223.155.118,53281,MZ,Mozambique,elite proxy,no,no,1 minute ago
103.9.188.135,46648,KH,Cambodia,elite proxy,no,yes,1 minute ago
103.220.204.101,59570,BD,Bangladesh,elite proxy,no,no,1 minute ago
118.174.220.133,50616,TH,Thailand,elite proxy,no,yes,1 minute ago
181.40.84.38,49674,PY,Paraguay,elite proxy,no,no,1 minute ago
82.135.148.201,8081,LT,Lithuania,elite proxy,no,no,1 minute ago
163.172.100.3,8123,FR,France,elite proxy,no,yes,1 minute ago
49.51.193.128,1080,US,United States,elite proxy,no,yes,1 minute ago
122.248.45.35,53281,ID,Indonesia,elite proxy,no,yes,1 minute ago
194.8.146.167,30051,UA,Ukraine,elite proxy,no,yes,1 minute ago
103.231.218.126,53281,IN,India,elite proxy,no,no,1 minute ago
182.191.84.39,80,PK,Pakistan,elite proxy,no,yes,1 minute ago
46.45.19.138,53281,RU,Russian Federation,elite proxy,no,yes,1 minute ago
176.192.5.238,61227,RU,Russian Federation,elite proxy,no,no,1 minute ago
101.109.143.71,36127,TH,Thailand,elite proxy,no,yes,1 minute ago
95.216.27.155,8118,FI,Finland,elite proxy,no,no,1 minute ago
5.9.218.104,1080,DE,Germany,elite proxy,no,yes,1 minute ago
201.75.0.21,53281,BR,Brazil,elite proxy,no,yes,1 minute ago
176.117.255.182,53100,RU,Russian Federation,elite proxy,no,no,1 minute ago
185.19.176.237,53281,RU,Russian Federation,elite proxy,no,yes,1 minute ago
95.84.168.158,42038,RU,Russian Federation,elite proxy,no,yes,1 minute ago
185.255.46.100,30678,IQ,Iraq,elite proxy,no,yes,1 minute ago
169.255.126.231,33440,NG,Nigeria,elite proxy,no,yes,1 minute ago
103.126.12.246,8080,BD,Bangladesh,anonymous,no,yes,1 minute ago
140.82.63.210,8888,US,United States,anonymous,no,yes,1 minute ago
148.251.200.199,1080,DE,Germany,elite proxy,no,no,1 minute ago
124.41.213.44,53931,NP,Nepal,elite proxy,no,no,1 minute ago
138.122.14.158,51692,BR,Brazil,elite proxy,no,yes,1 minute ago
47.254.147.132,3128,DE,Germany,elite proxy,no,yes,1 minute ago
31.0.213.224,60104,PL,Poland,transparent,no,no,1 minute ago
81.198.119.241,49923,LV,Latvia,elite proxy,no,no,1 minute ago
125.165.201.12,8080,ID,Indonesia,elite proxy,no,no,1 minute ago
185.59.247.77,41258,RU,Russian Federation,elite proxy,no,yes,1 minute ago
103.83.105.177,53281,IN,India,elite proxy,no,yes,1 minute ago
24.37.245.42,36836,CA,Canada,elite proxy,no,yes,1 minute ago
169.239.45.37,8080,ZA,South Africa,anonymous,no,yes,1 minute ago
110.74.199.16,63141,KH,Cambodia,elite proxy,no,yes,1 minute ago
78.153.120.33,55314,HU,Hungary,anonymous,no,yes,1 minute ago
82.146.44.105,3128,RU,Russian Federation,elite proxy,no,yes,1 minute ago
195.9.61.22,37489,RU,Russian Federation,elite proxy,no,yes,1 minute ago
46.229.187.169,53281,RU,Russian Federation,elite proxy,no,yes,1 minute ago
113.161.207.99,60626,VN,Vietnam,elite proxy,no,yes,1 minute ago
36.89.192.115,53219,ID,Indonesia,elite proxy,no,yes,1 minute ago
186.229.25.18,8080,BR,Brazil,elite proxy,no,yes,1 minute ago
45.120.119.55,59565,NZ,New Zealand,elite proxy,no,yes,1 minute ago
125.26.99.212,51591,TH,Thailand,elite proxy,no,yes,1 minute ago
42.115.88.12,32728,KH,Cambodia,anonymous,no,yes,1 minute ago
1.10.189.84,35138,TH,Thailand,elite proxy,no,yes,1 minute ago
45.235.87.65,53781,BR,Brazil,elite proxy,no,yes,1 minute ago
118.172.201.34,61429,TH,Thailand,anonymous,no,yes,1 minute ago
124.41.211.180,46862,NP,Nepal,elite proxy,no,yes,1 minute ago
175.100.5.52,35239,KH,Cambodia,anonymous,no,yes,1 minute ago
103.231.218.30,43708,IN,India,elite proxy,no,yes,1 minute ago
45.160.104.10,32835,BR,Brazil,elite proxy,no,yes,1 minute ago
109.251.185.20,53812,UA,Ukraine,elite proxy,no,yes,1 minute ago
190.82.82.146,49423,CL,Chile,anonymous,no,yes,1 minute ago
36.37.183.214,45719,KH,Cambodia,elite proxy,no,yes,1 minute ago
45.221.73.70,52904,UG,Uganda,elite proxy,no,yes,1 minute ago
182.52.51.154,32563,TH,Thailand,elite proxy,no,yes,1 minute ago
202.79.56.90,23500,NP,Nepal,elite proxy,no,yes,1 minute ago
36.255.234.243,42458,IN,India,anonymous,no,yes,1 minute ago
103.42.195.70,53281,IN,India,elite proxy,no,yes,1 minute ago
94.130.125.217,1080,DE,Germany,anonymous,no,yes,1 minute ago
43.252.18.140,56788,KH,Cambodia,elite proxy,no,yes,1 minute ago
114.57.49.66,53281,ID,Indonesia,elite proxy,no,yes,1 minute ago
81.89.113.142,46444,RU,Russian Federation,elite proxy,no,yes,1 minute ago
202.93.227.14,53281,ID,Indonesia,elite proxy,no,yes,1 minute ago
187.44.167.78,60786,BR,Brazil,elite proxy,no,yes,1 minute ago
103.204.171.202,53281,IN,India,elite proxy,no,yes,1 minute ago
91.203.236.226,48975,RU,Russian Federation,elite proxy,no,yes,1 minute ago
79.101.106.74,52792,RS,Serbia,elite proxy,no,yes,1 minute ago
185.32.165.78,8080,RU,Russian Federation,anonymous,no,yes,1 minute ago
157.119.207.35,8080,IN,India,elite proxy,no,yes,1 minute ago
78.60.130.181,48280,LT,Lithuania,elite proxy,no,yes,1 minute ago
190.242.41.133,8080,CO,Colombia,anonymous,no,yes,1 minute ago
103.132.187.30,53281,BD,Bangladesh,anonymous,no,yes,1 minute ago
177.130.55.126,60196,BR,Brazil,elite proxy,no,yes,1 minute ago
197.248.184.158,53281,KE,Kenya,anonymous,no,yes,1 minute ago
216.218.15.48,48974,CA,Canada,elite proxy,no,yes,1 minute ago
176.120.211.176,34262,RU,Russian Federation,anonymous,no,yes,1 minute ago
54.39.239.25,3128,CA,Canada,elite proxy,no,yes,1 minute ago
103.240.206.196,35101,IN,India,elite proxy,no,yes,1 minute ago
190.152.5.86,31532,EC,Ecuador,elite proxy,no,yes,1 minute ago
177.46.147.89,55166,BR,Brazil,elite proxy,no,yes,1 minute ago
90.183.101.238,43511,CZ,Czech Republic,anonymous,no,yes,1 minute ago
124.41.211.211,45864,NP,Nepal,elite proxy,no,yes,3 minutes ago
177.67.203.130,57028,BR,Brazil,elite proxy,no,yes,3 minutes ago
95.181.37.114,48734,RU,Russian Federation,elite proxy,no,no,3 minutes ago
117.206.148.31,36459,IN,India,elite proxy,no,no,3 minutes ago
95.128.144.1,41993,FR,France,elite proxy,no,yes,3 minutes ago
41.190.33.162,8080,ZW,Zimbabwe,elite proxy,no,no,3 minutes ago
212.200.27.134,8080,RS,Serbia,elite proxy,no,yes,3 minutes ago
103.9.188.160,57251,KH,Cambodia,elite proxy,no,yes,3 minutes ago
13.124.244.35,80,KR,Korea,elite proxy,no,no,3 minutes ago
202.182.121.205,8080,JP,Japan,anonymous,no,no,3 minutes ago
51.158.168.196,8080,FR,France,transparent,no,no,3 minutes ago
142.93.225.86,8888,NL,Netherlands,anonymous,no,no,3 minutes ago
142.93.130.227,3128,NL,Netherlands,elite proxy,no,yes,3 minutes ago
157.245.76.144,3128,NL,Netherlands,elite proxy,no,yes,3 minutes ago
185.134.96.37,8081,IR,Iran,transparent,no,no,10 minutes ago
175.100.180.131,53281,IN,India,elite proxy,no,yes,11 minutes ago
103.226.142.90,41386,IN,India,elite proxy,no,no,11 minutes ago
182.52.51.10,53965,TH,Thailand,elite proxy,no,yes,11 minutes ago
103.47.153.13,80,IN,India,anonymous,no,no,11 minutes ago
84.47.152.254,60666,RU,Russian Federation,elite proxy,no,yes,11 minutes ago
87.197.137.223,55622,SK,Slovakia,elite proxy,no,yes,11 minutes ago
45.55.27.15,8080,US,United States,anonymous,no,no,11 minutes ago
213.6.38.50,35308,PS,Palestinian Territory,elite proxy,no,yes,11 minutes ago
198.199.120.102,3128,US,United States,anonymous,no,no,11 minutes ago
194.181.82.190,35447,PL,Poland,elite proxy,no,yes,11 minutes ago
139.59.53.107,3128,IN,India,anonymous,no,no,11 minutes ago
93.157.196.90,44469,BA,Bosnia and Herzegovina,elite proxy,no,no,11 minutes ago
202.169.37.126,31333,ID,Indonesia,elite proxy,no,yes,11 minutes ago
123.27.3.246,32259,VN,Vietnam,elite proxy,no,yes,11 minutes ago
103.250.68.213,35713,BD,Bangladesh,elite proxy,no,yes,11 minutes ago
45.55.27.161,3128,US,United States,anonymous,no,no,11 minutes ago
161.202.226.194,8123,JP,Japan,elite proxy,no,no,11 minutes ago
139.59.53.105,3128,IN,India,anonymous,no,no,11 minutes ago
161.202.226.195,80,JP,Japan,elite proxy,no,no,11 minutes ago
139.59.53.106,8080,IN,India,anonymous,no,no,11 minutes ago
193.233.155.237,60875,RU,Russian Federation,elite proxy,no,yes,11 minutes ago
46.45.129.16,80,TR,Turkey,anonymous,no,no,11 minutes ago
103.23.103.203,32806,ID,Indonesia,elite proxy,no,yes,11 minutes ago
78.58.221.179,8888,LT,Lithuania,anonymous,no,no,11 minutes ago
95.65.73.200,41920,MD,"Moldova, Republic of",elite proxy,no,yes,11 minutes ago
34.95.103.27,80,US,United States,anonymous,no,no,11 minutes ago
169.57.157.146,8123,BR,Brazil,elite proxy,no,no,11 minutes ago
207.154.231.213,8080,DE,Germany,anonymous,no,no,11 minutes ago
103.194.90.30,42915,IN,India,elite proxy,no,yes,11 minutes ago
5.189.133.231,80,DE,Germany,elite proxy,no,no,11 minutes ago
178.62.193.19,8080,NL,Netherlands,anonymous,no,no,11 minutes ago
124.120.235.165,8118,TH,Thailand,anonymous,no,yes,11 minutes ago
95.85.36.236,8080,NL,Netherlands,anonymous,no,no,11 minutes ago
212.154.58.107,35116,TR,Turkey,elite proxy,no,yes,11 minutes ago
185.22.154.251,8081,RU,Russian Federation,transparent,no,no,11 minutes ago
92.124.150.6,3128,RU,Russian Federation,anonymous,no,yes,11 minutes ago
188.40.56.112,80,DE,Germany,elite proxy,no,no,11 minutes ago
195.211.160.88,44464,RU,Russian Federation,elite proxy,no,yes,11 minutes ago
159.65.151.96,8080,IN,India,anonymous,no,no,11 minutes ago
41.85.191.6,57797,BJ,Benin,elite proxy,no,yes,12 minutes ago
177.94.206.67,60666,BR,Brazil,elite proxy,no,yes,12 minutes ago
50.197.38.230,60724,US,United States,elite proxy,no,yes,12 minutes ago
190.157.247.65,53281,CO,Colombia,elite proxy,no,yes,12 minutes ago
103.88.234.58,32413,BD,Bangladesh,elite proxy,no,yes,12 minutes ago
202.79.34.149,47215,NP,Nepal,elite proxy,no,yes,12 minutes ago
89.165.218.82,47886,RO,Romania,elite proxy,no,yes,12 minutes ago
37.186.6.25,38310,AT,Austria,elite proxy,no,yes,12 minutes ago
200.33.152.207,45226,BR,Brazil,elite proxy,no,yes,12 minutes ago
202.138.242.41,33270,ID,Indonesia,elite proxy,no,yes,12 minutes ago
118.175.93.132,61684,TH,Thailand,elite proxy,no,yes,12 minutes ago
124.41.211.186,43523,NP,Nepal,elite proxy,no,no,12 minutes ago
120.29.155.59,60004,ID,Indonesia,elite proxy,no,yes,12 minutes ago
190.122.97.42,3128,DO,Dominican Republic,elite proxy,no,yes,12 minutes ago
109.238.222.5,49462,CZ,Czech Republic,elite proxy,no,yes,12 minutes ago
43.246.140.4,43091,IN,India,elite proxy,no,no,12 minutes ago
103.57.143.246,61148,IN,India,elite proxy,no,yes,12 minutes ago
117.2.17.26,53281,VN,Vietnam,elite proxy,no,yes,12 minutes ago
212.72.159.22,30323,GE,Georgia,elite proxy,no,yes,12 minutes ago
1.20.97.4,52237,TH,Thailand,elite proxy,no,yes,12 minutes ago
81.163.57.147,41258,RU,Russian Federation,elite proxy,no,no,12 minutes ago
155.0.181.254,56874,ZM,Zambia,elite proxy,no,yes,12 minutes ago
75.151.213.85,8080,US,United States,elite proxy,no,yes,12 minutes ago
124.41.213.3,55089,NP,Nepal,elite proxy,no,yes,12 minutes ago
189.14.193.242,53281,BR,Brazil,elite proxy,no,no,12 minutes ago
195.62.70.254,8080,RU,Russian Federation,elite proxy,no,yes,12 minutes ago
181.129.74.58,34999,CO,Colombia,elite proxy,no,yes,12 minutes ago
117.103.5.186,44825,ID,Indonesia,elite proxy,no,no,12 minutes ago
24.106.221.230,53281,US,United States,elite proxy,no,yes,12 minutes ago
213.98.67.40,59525,ES,Spain,elite proxy,no,yes,12 minutes ago
87.247.19.126,53353,KZ,Kazakhstan,elite proxy,no,yes,12 minutes ago
95.78.174.219,60473,RU,Russian Federation,elite proxy,no,yes,12 minutes ago
58.97.72.83,8080,TH,Thailand,elite proxy,no,no,12 minutes ago
103.21.161.105,6666,IN,India,elite proxy,no,no,12 minutes ago
85.196.147.146,31784,BG,Bulgaria,elite proxy,no,yes,12 minutes ago
103.242.14.8,48791,KH,Cambodia,elite proxy,no,yes,12 minutes ago
46.173.105.151,41258,UA,Ukraine,elite proxy,no,yes,12 minutes ago
1.10.189.126,57959,TH,Thailand,elite proxy,no,yes,12 minutes ago
193.213.89.72,51024,NO,Norway,elite proxy,no,yes,12 minutes ago
103.74.108.145,49421,IN,India,elite proxy,no,yes,12 minutes ago
175.110.107.26,49145,PK,Pakistan,elite proxy,no,yes,12 minutes ago
190.15.215.93,58139,AR,Argentina,elite proxy,no,yes,12 minutes ago
36.91.44.243,37927,ID,Indonesia,elite proxy,no,yes,12 minutes ago
47.91.73.195,3128,DE,Germany,elite proxy,no,yes,12 minutes ago
202.136.88.58,38210,BD,Bangladesh,elite proxy,no,no,12 minutes ago
36.67.57.45,53367,ID,Indonesia,elite proxy,no,yes,12 minutes ago
103.6.104.104,38898,PH,Philippines,elite proxy,no,yes,12 minutes ago
45.248.138.210,59714,IN,India,elite proxy,no,yes,12 minutes ago
117.58.241.222,34208,BD,Bangladesh,elite proxy,no,yes,12 minutes ago
200.89.125.178,42483,CO,Colombia,elite proxy,no,yes,12 minutes ago
27.116.20.209,36630,IN,India,elite proxy,no,yes,12 minutes ago
178.237.208.78,50945,RS,Serbia,elite proxy,no,yes,12 minutes ago
128.0.179.234,41258,CZ,Czech Republic,elite proxy,no,yes,12 minutes ago
113.161.207.105,60626,VN,Vietnam,elite proxy,no,yes,12 minutes ago
118.137.175.87,8080,ID,Indonesia,elite proxy,no,yes,12 minutes ago
61.238.82.202,8080,HK,Hong Kong,elite proxy,no,yes,12 minutes ago
181.129.42.179,43532,CO,Colombia,elite proxy,no,yes,12 minutes ago
87.228.103.111,8080,RU,Russian Federation,elite proxy,no,yes,12 minutes ago
176.235.99.34,9090,TR,Turkey,elite proxy,no,yes,12 minutes ago
103.90.200.29,33362,IN,India,elite proxy,no,yes,12 minutes ago
5.188.105.9,8081,RU,Russian Federation,transparent,no,no,14 minutes ago
130.61.61.59,80,DE,Germany,transparent,no,no,19 minutes ago
14.102.69.170,49128,IN,India,elite proxy,no,yes,20 minutes ago
177.202.43.110,39335,BR,Brazil,elite proxy,no,yes,20 minutes ago
213.142.206.146,53281,RU,Russian Federation,elite proxy,no,yes,20 minutes ago
197.211.38.187,50272,NG,Nigeria,elite proxy,no,yes,20 minutes ago
194.242.98.254,60281,UA,Ukraine,elite proxy,no,no,20 minutes ago
176.101.89.226,33470,RU,Russian Federation,elite proxy,no,no,20 minutes ago
94.228.85.166,38510,SK,Slovakia,elite proxy,no,yes,20 minutes ago
1.179.147.5,39330,TH,Thailand,elite proxy,no,no,20 minutes ago
62.152.75.110,50287,RU,Russian Federation,elite proxy,no,yes,20 minutes ago
85.175.216.32,53281,RU,Russian Federation,elite proxy,no,no,20 minutes ago
31.204.180.44,53281,RU,Russian Federation,elite proxy,no,yes,20 minutes ago
43.224.8.116,6666,IN,India,elite proxy,no,no,20 minutes ago
91.92.10.112,8080,BG,Bulgaria,elite proxy,no,yes,20 minutes ago
104.3.189.30,38087,US,United States,elite proxy,no,no,20 minutes ago
197.44.255.76,46920,EG,Egypt,elite proxy,no,yes,20 minutes ago
103.21.163.76,6666,IN,India,elite proxy,no,no,20 minutes ago
191.7.195.254,45041,BR,Brazil,elite proxy,no,yes,20 minutes ago
41.0.82.166,53834,ZA,South Africa,elite proxy,no,yes,20 minutes ago
201.76.11.138,31181,BR,Brazil,elite proxy,no,no,20 minutes ago
103.251.225.18,35101,IN,India,elite proxy,no,yes,20 minutes ago
118.175.207.129,48139,TH,Thailand,elite proxy,no,no,20 minutes ago
170.246.85.106,50991,EC,Ecuador,elite proxy,no,no,20 minutes ago
185.61.92.207,43108,RU,Russian Federation,elite proxy,no,no,20 minutes ago
94.179.135.230,57654,UA,Ukraine,elite proxy,no,yes,20 minutes ago
93.78.205.197,57437,UA,Ukraine,elite proxy,no,no,20 minutes ago
190.6.200.158,38256,HN,Honduras,elite proxy,no,yes,20 minutes ago
88.248.23.216,36426,TR,Turkey,elite proxy,no,no,20 minutes ago
118.97.100.83,35220,ID,Indonesia,elite proxy,no,yes,20 minutes ago
103.57.70.248,55441,IN,India,elite proxy,no,yes,20 minutes ago
187.190.237.67,32509,MX,Mexico,elite proxy,no,no,20 minutes ago
194.5.179.101,8080,IR,Iran,transparent,no,no,20 minutes ago
78.186.203.137,51333,TR,Turkey,transparent,no,no,20 minutes ago
77.46.138.1,52792,RS,Serbia,elite proxy,no,yes,20 minutes ago
79.106.161.11,60124,AL,Albania,elite proxy,no,yes,20 minutes ago
167.172.225.43,3128,US,United States,elite proxy,no,yes,20 minutes ago
188.0.138.147,8080,KZ,Kazakhstan,elite proxy,no,yes,20 minutes ago
124.41.240.56,50526,NP,Nepal,elite proxy,no,yes,20 minutes ago
27.131.187.222,56830,TH,Thailand,elite proxy,no,yes,20 minutes ago
103.22.248.59,58278,ID,Indonesia,elite proxy,no,yes,20 minutes ago
189.204.241.44,56792,MX,Mexico,elite proxy,no,yes,20 minutes ago
5.59.105.17,39266,UA,Ukraine,elite proxy,no,yes,20 minutes ago
205.158.57.2,53281,US,United States,anonymous,no,yes,20 minutes ago
24.172.225.122,53281,US,United States,elite proxy,no,yes,20 minutes ago
191.98.184.122,38650,PE,Peru,elite proxy,no,yes,20 minutes ago
91.187.112.173,37750,AL,Albania,elite proxy,no,yes,20 minutes ago
103.108.47.49,45555,IN,India,elite proxy,no,yes,20 minutes ago
124.81.67.226,57997,ID,Indonesia,elite proxy,no,yes,20 minutes ago
194.8.136.62,55155,RU,Russian Federation,elite proxy,no,yes,20 minutes ago
186.219.214.13,32708,BR,Brazil,elite proxy,no,yes,20 minutes ago
190.214.26.90,53281,EC,Ecuador,elite proxy,no,yes,20 minutes ago
83.171.114.92,37999,RU,Russian Federation,elite proxy,no,yes,20 minutes ago
203.176.135.98,30540,KH,Cambodia,elite proxy,no,yes,20 minutes ago
24.226.146.46,41626,CA,Canada,elite proxy,no,yes,20 minutes ago
202.182.48.86,57942,ID,Indonesia,anonymous,no,yes,20 minutes ago
103.221.254.125,51630,BD,Bangladesh,anonymous,no,yes,20 minutes ago
190.214.9.10,41572,EC,Ecuador,elite proxy,no,yes,20 minutes ago
95.140.27.135,46078,RU,Russian Federation,elite proxy,no,yes,20 minutes ago
1.10.189.107,38096,TH,Thailand,elite proxy,no,yes,20 minutes ago
122.15.131.65,57873,IN,India,elite proxy,no,yes,20 minutes ago
109.199.77.83,55153,PL,Poland,elite proxy,no,yes,20 minutes ago
109.70.202.137,41258,IT,Italy,elite proxy,no,yes,20 minutes ago
46.246.42.216,8118,SE,Sweden,elite proxy,no,yes,20 minutes ago
200.199.114.226,33932,BR,Brazil,elite proxy,no,yes,20 minutes ago
167.172.250.105,3128,US,United States,anonymous,no,yes,20 minutes ago
129.205.138.186,57326,ZA,South Africa,elite proxy,no,yes,20 minutes ago
125.209.116.234,39301,PK,Pakistan,elite proxy,no,yes,20 minutes ago
187.190.237.17,32509,MX,Mexico,elite proxy,no,yes,20 minutes ago
203.173.93.20,30368,ID,Indonesia,elite proxy,no,yes,20 minutes ago
157.245.73.63,3128,NL,Netherlands,elite proxy,no,yes,20 minutes ago
186.211.106.227,34334,BR,Brazil,elite proxy,no,yes,20 minutes ago
212.126.107.2,31475,IQ,Iraq,elite proxy,no,yes,20 minutes ago
78.157.254.58,51008,RU,Russian Federation,elite proxy,no,yes,20 minutes ago
103.2.146.66,49089,ID,Indonesia,elite proxy,no,yes,20 minutes ago
103.25.168.22,38448,IN,India,elite proxy,no,yes,20 minutes ago
179.27.83.222,54260,UY,Uruguay,elite proxy,no,yes,20 minutes ago
103.253.113.23,61911,ID,Indonesia,elite proxy,no,yes,20 minutes ago
190.210.8.92,8080,AR,Argentina,elite proxy,no,yes,20 minutes ago
103.112.130.30,31094,BD,Bangladesh,elite proxy,no,yes,20 minutes ago
166.150.32.184,43539,US,United States,elite proxy,no,yes,20 minutes ago
222.121.116.26,40618,KR,Korea,elite proxy,no,yes,20 minutes ago
212.56.203.114,30640,MD,"Moldova, Republic of",elite proxy,no,yes,20 minutes ago
41.211.126.224,61255,CM,Cameroon,anonymous,no,yes,20 minutes ago
51.15.166.107,3128,FR,France,anonymous,no,yes,20 minutes ago
176.124.188.3,57576,RU,Russian Federation,elite proxy,no,yes,20 minutes ago
193.169.5.14,39602,RU,Russian Federation,transparent,no,no,22 minutes ago
1.2.169.81,8080,TH,Thailand,transparent,no,no,26 minutes ago
188.166.160.159,3128,DE,Germany,transparent,no,no,26 minutes ago
45.226.50.246,8080,BR,Brazil,transparent,no,no,26 minutes ago
175.101.13.125,8080,IN,India,transparent,no,no,26 minutes ago
168.227.48.201,8080,BR,Brazil,transparent,no,no,26 minutes ago
160.119.128.122,8080,GN,Guinea,transparent,no,no,26 minutes ago
189.51.98.118,48704,BR,Brazil,elite proxy,no,yes,30 minutes ago
91.214.240.19,51054,RU,Russian Federation,elite proxy,no,yes,30 minutes ago
131.255.118.30,53281,BR,Brazil,elite proxy,no,no,30 minutes ago
202.57.35.74,53911,PH,Philippines,elite proxy,no,yes,30 minutes ago
188.137.101.135,58325,PL,Poland,elite proxy,no,no,30 minutes ago
1.215.70.130,44072,KR,Korea,elite proxy,no,yes,1 minute ago
192.140.42.81,40242,BR,Brazil,elite proxy,no,yes,1 minute ago
36.37.177.186,8080,KH,Cambodia,elite proxy,no,yes,1 minute ago
41.223.155.118,53281,MZ,Mozambique,elite proxy,no,no,1 minute ago
103.9.188.135,46648,KH,Cambodia,elite proxy,no,yes,1 minute ago
103.220.204.101,59570,BD,Bangladesh,elite proxy,no,no,1 minute ago
118.174.220.133,50616,TH,Thailand,elite proxy,no,yes,1 minute ago
181.40.84.38,49674,PY,Paraguay,elite proxy,no,no,1 minute ago
82.135.148.201,8081,LT,Lithuania,elite proxy,no,no,1 minute ago
163.172.100.3,8123,FR,France,elite proxy,no,yes,1 minute ago
49.51.193.128,1080,US,United States,elite proxy,no,yes,1 minute ago
122.248.45.35,53281,ID,Indonesia,elite proxy,no,yes,1 minute ago
194.8.146.167,30051,UA,Ukraine,elite proxy,no,yes,1 minute ago
103.231.218.126,53281,IN,India,elite proxy,no,no,1 minute ago
182.191.84.39,80,PK,Pakistan,elite proxy,no,yes,1 minute ago
46.45.19.138,53281,RU,Russian Federation,elite proxy,no,yes,1 minute ago
176.192.5.238,61227,RU,Russian Federation,elite proxy,no,no,1 minute ago
101.109.143.71,36127,TH,Thailand,elite proxy,no,yes,1 minute ago
95.216.27.155,8118,FI,Finland,elite proxy,no,no,1 minute ago
5.9.218.104,1080,DE,Germany,elite proxy,no,yes,1 minute ago
201.75.0.21,53281,BR,Brazil,elite proxy,no,yes,1 minute ago
176.117.255.182,53100,RU,Russian Federation,elite proxy,no,no,1 minute ago
185.19.176.237,53281,RU,Russian Federation,elite proxy,no,yes,1 minute ago
95.84.168.158,42038,RU,Russian Federation,elite proxy,no,yes,1 minute ago
185.255.46.100,30678,IQ,Iraq,elite proxy,no,yes,1 minute ago
169.255.126.231,33440,NG,Nigeria,elite proxy,no,yes,1 minute ago
103.126.12.246,8080,BD,Bangladesh,anonymous,no,yes,1 minute ago
140.82.63.210,8888,US,United States,anonymous,no,yes,1 minute ago
148.251.200.199,1080,DE,Germany,elite proxy,no,no,1 minute ago
124.41.213.44,53931,NP,Nepal,elite proxy,no,no,1 minute ago
138.122.14.158,51692,BR,Brazil,elite proxy,no,yes,1 minute ago
47.254.147.132,3128,DE,Germany,elite proxy,no,yes,1 minute ago
31.0.213.224,60104,PL,Poland,transparent,no,no,1 minute ago
81.198.119.241,49923,LV,Latvia,elite proxy,no,no,1 minute ago
125.165.201.12,8080,ID,Indonesia,elite proxy,no,no,1 minute ago
185.59.247.77,41258,RU,Russian Federation,elite proxy,no,yes,1 minute ago
103.83.105.177,53281,IN,India,elite proxy,no,yes,1 minute ago
24.37.245.42,36836,CA,Canada,elite proxy,no,yes,1 minute ago
169.239.45.37,8080,ZA,South Africa,anonymous,no,yes,1 minute ago
110.74.199.16,63141,KH,Cambodia,elite proxy,no,yes,1 minute ago
78.153.120.33,55314,HU,Hungary,anonymous,no,yes,1 minute ago
82.146.44.105,3128,RU,Russian Federation,elite proxy,no,yes,1 minute ago
195.9.61.22,37489,RU,Russian Federation,elite proxy,no,yes,1 minute ago
46.229.187.169,53281,RU,Russian Federation,elite proxy,no,yes,1 minute ago
113.161.207.99,60626,VN,Vietnam,elite proxy,no,yes,1 minute ago
36.89.192.115,53219,ID,Indonesia,elite proxy,no,yes,1 minute ago
186.229.25.18,8080,BR,Brazil,elite proxy,no,yes,1 minute ago
45.120.119.55,59565,NZ,New Zealand,elite proxy,no,yes,1 minute ago
125.26.99.212,51591,TH,Thailand,elite proxy,no,yes,1 minute ago
42.115.88.12,32728,KH,Cambodia,anonymous,no,yes,1 minute ago
1.10.189.84,35138,TH,Thailand,elite proxy,no,yes,1 minute ago
45.235.87.65,53781,BR,Brazil,elite proxy,no,yes,1 minute ago
118.172.201.34,61429,TH,Thailand,anonymous,no,yes,1 minute ago
124.41.211.180,46862,NP,Nepal,elite proxy,no,yes,1 minute ago
175.100.5.52,35239,KH,Cambodia,anonymous,no,yes,1 minute ago
103.231.218.30,43708,IN,India,elite proxy,no,yes,1 minute ago
45.160.104.10,32835,BR,Brazil,elite proxy,no,yes,1 minute ago
109.251.185.20,53812,UA,Ukraine,elite proxy,no,yes,1 minute ago
190.82.82.146,49423,CL,Chile,anonymous,no,yes,1 minute ago
36.37.183.214,45719,KH,Cambodia,elite proxy,no,yes,1 minute ago
45.221.73.70,52904,UG,Uganda,elite proxy,no,yes,1 minute ago
182.52.51.154,32563,TH,Thailand,elite proxy,no,yes,1 minute ago
202.79.56.90,23500,NP,Nepal,elite proxy,no,yes,1 minute ago
36.255.234.243,42458,IN,India,anonymous,no,yes,1 minute ago
103.42.195.70,53281,IN,India,elite proxy,no,yes,1 minute ago
94.130.125.217,1080,DE,Germany,anonymous,no,yes,1 minute ago
43.252.18.140,56788,KH,Cambodia,elite proxy,no,yes,1 minute ago
114.57.49.66,53281,ID,Indonesia,elite proxy,no,yes,1 minute ago
81.89.113.142,46444,RU,Russian Federation,elite proxy,no,yes,1 minute ago
202.93.227.14,53281,ID,Indonesia,elite proxy,no,yes,1 minute ago
187.44.167.78,60786,BR,Brazil,elite proxy,no,yes,1 minute ago
103.204.171.202,53281,IN,India,elite proxy,no,yes,1 minute ago
91.203.236.226,48975,RU,Russian Federation,elite proxy,no,yes,1 minute ago
79.101.106.74,52792,RS,Serbia,elite proxy,no,yes,1 minute ago
185.32.165.78,8080,RU,Russian Federation,anonymous,no,yes,1 minute ago
157.119.207.35,8080,IN,India,elite proxy,no,yes,1 minute ago
78.60.130.181,48280,LT,Lithuania,elite proxy,no,yes,1 minute ago
190.242.41.133,8080,CO,Colombia,anonymous,no,yes,1 minute ago
103.132.187.30,53281,BD,Bangladesh,anonymous,no,yes,1 minute ago
177.130.55.126,60196,BR,Brazil,elite proxy,no,yes,1 minute ago
197.248.184.158,53281,KE,Kenya,anonymous,no,yes,1 minute ago
216.218.15.48,48974,CA,Canada,elite proxy,no,yes,1 minute ago
176.120.211.176,34262,RU,Russian Federation,anonymous,no,yes,1 minute ago
54.39.239.25,3128,CA,Canada,elite proxy,no,yes,1 minute ago
103.240.206.196,35101,IN,India,elite proxy,no,yes,1 minute ago
190.152.5.86,31532,EC,Ecuador,elite proxy,no,yes,1 minute ago
177.46.147.89,55166,BR,Brazil,elite proxy,no,yes,1 minute ago
90.183.101.238,43511,CZ,Czech Republic,anonymous,no,yes,1 minute ago
124.41.211.211,45864,NP,Nepal,elite proxy,no,yes,3 minutes ago
177.67.203.130,57028,BR,Brazil,elite proxy,no,yes,3 minutes ago
95.181.37.114,48734,RU,Russian Federation,elite proxy,no,no,3 minutes ago
117.206.148.31,36459,IN,India,elite proxy,no,no,3 minutes ago
95.128.144.1,41993,FR,France,elite proxy,no,yes,3 minutes ago
41.190.33.162,8080,ZW,Zimbabwe,elite proxy,no,no,3 minutes ago
212.200.27.134,8080,RS,Serbia,elite proxy,no,yes,3 minutes ago
103.9.188.160,57251,KH,Cambodia,elite proxy,no,yes,3 minutes ago
13.124.244.35,80,KR,Korea,elite proxy,no,no,3 minutes ago
202.182.121.205,8080,JP,Japan,anonymous,no,no,3 minutes ago
51.158.168.196,8080,FR,France,transparent,no,no,3 minutes ago
142.93.225.86,8888,NL,Netherlands,anonymous,no,no,3 minutes ago
142.93.130.227,3128,NL,Netherlands,elite proxy,no,yes,3 minutes ago
157.245.76.144,3128,NL,Netherlands,elite proxy,no,yes,3 minutes ago
185.134.96.37,8081,IR,Iran,transparent,no,no,10 minutes ago
175.100.180.131,53281,IN,India,elite proxy,no,yes,11 minutes ago
103.226.142.90,41386,IN,India,elite proxy,no,no,11 minutes ago
182.52.51.10,53965,TH,Thailand,elite proxy,no,yes,11 minutes ago
103.47.153.13,80,IN,India,anonymous,no,no,11 minutes ago
84.47.152.254,60666,RU,Russian Federation,elite proxy,no,yes,11 minutes ago
87.197.137.223,55622,SK,Slovakia,elite proxy,no,yes,11 minutes ago
45.55.27.15,8080,US,United States,anonymous,no,no,11 minutes ago
213.6.38.50,35308,PS,Palestinian Territory,elite proxy,no,yes,11 minutes ago
198.199.120.102,3128,US,United States,anonymous,no,no,11 minutes ago
194.181.82.190,35447,PL,Poland,elite proxy,no,yes,11 minutes ago
139.59.53.107,3128,IN,India,anonymous,no,no,11 minutes ago
93.157.196.90,44469,BA,Bosnia and Herzegovina,elite proxy,no,no,11 minutes ago
202.169.37.126,31333,ID,Indonesia,elite proxy,no,yes,11 minutes ago
123.27.3.246,32259,VN,Vietnam,elite proxy,no,yes,11 minutes ago
103.250.68.213,35713,BD,Bangladesh,elite proxy,no,yes,11 minutes ago
45.55.27.161,3128,US,United States,anonymous,no,no,11 minutes ago
161.202.226.194,8123,JP,Japan,elite proxy,no,no,11 minutes ago
139.59.53.105,3128,IN,India,anonymous,no,no,11 minutes ago
161.202.226.195,80,JP,Japan,elite proxy,no,no,11 minutes ago
139.59.53.106,8080,IN,India,anonymous,no,no,11 minutes ago
193.233.155.237,60875,RU,Russian Federation,elite proxy,no,yes,11 minutes ago
46.45.129.16,80,TR,Turkey,anonymous,no,no,11 minutes ago
103.23.103.203,32806,ID,Indonesia,elite proxy,no,yes,11 minutes ago
78.58.221.179,8888,LT,Lithuania,anonymous,no,no,11 minutes ago
95.65.73.200,41920,MD,"Moldova, Republic of",elite proxy,no,yes,11 minutes ago
34.95.103.27,80,US,United States,anonymous,no,no,11 minutes ago
169.57.157.146,8123,BR,Brazil,elite proxy,no,no,11 minutes ago
207.154.231.213,8080,DE,Germany,anonymous,no,no,11 minutes ago
103.194.90.30,42915,IN,India,elite proxy,no,yes,11 minutes ago
5.189.133.231,80,DE,Germany,elite proxy,no,no,11 minutes ago
178.62.193.19,8080,NL,Netherlands,anonymous,no,no,11 minutes ago
124.120.235.165,8118,TH,Thailand,anonymous,no,yes,11 minutes ago
95.85.36.236,8080,NL,Netherlands,anonymous,no,no,11 minutes ago
212.154.58.107,35116,TR,Turkey,elite proxy,no,yes,11 minutes ago
185.22.154.251,8081,RU,Russian Federation,transparent,no,no,11 minutes ago
92.124.150.6,3128,RU,Russian Federation,anonymous,no,yes,11 minutes ago
188.40.56.112,80,DE,Germany,elite proxy,no,no,11 minutes ago
195.211.160.88,44464,RU,Russian Federation,elite proxy,no,yes,11 minutes ago
159.65.151.96,8080,IN,India,anonymous,no,no,11 minutes ago
41.85.191.6,57797,BJ,Benin,elite proxy,no,yes,12 minutes ago
177.94.206.67,60666,BR,Brazil,elite proxy,no,yes,12 minutes ago
50.197.38.230,60724,US,United States,elite proxy,no,yes,12 minutes ago
190.157.247.65,53281,CO,Colombia,elite proxy,no,yes,12 minutes ago
103.88.234.58,32413,BD,Bangladesh,elite proxy,no,yes,12 minutes ago
202.79.34.149,47215,NP,Nepal,elite proxy,no,yes,12 minutes ago
89.165.218.82,47886,RO,Romania,elite proxy,no,yes,12 minutes ago
37.186.6.25,38310,AT,Austria,elite proxy,no,yes,12 minutes ago
200.33.152.207,45226,BR,Brazil,elite proxy,no,yes,12 minutes ago
202.138.242.41,33270,ID,Indonesia,elite proxy,no,yes,12 minutes ago
118.175.93.132,61684,TH,Thailand,elite proxy,no,yes,12 minutes ago
124.41.211.186,43523,NP,Nepal,elite proxy,no,no,12 minutes ago
120.29.155.59,60004,ID,Indonesia,elite proxy,no,yes,12 minutes ago
190.122.97.42,3128,DO,Dominican Republic,elite proxy,no,yes,12 minutes ago
109.238.222.5,49462,CZ,Czech Republic,elite proxy,no,yes,12 minutes ago
43.246.140.4,43091,IN,India,elite proxy,no,no,12 minutes ago
103.57.143.246,61148,IN,India,elite proxy,no,yes,12 minutes ago
117.2.17.26,53281,VN,Vietnam,elite proxy,no,yes,12 minutes ago
212.72.159.22,30323,GE,Georgia,elite proxy,no,yes,12 minutes ago
1.20.97.4,52237,TH,Thailand,elite proxy,no,yes,12 minutes ago
81.163.57.147,41258,RU,Russian Federation,elite proxy,no,no,12 minutes ago
155.0.181.254,56874,ZM,Zambia,elite proxy,no,yes,12 minutes ago
75.151.213.85,8080,US,United States,elite proxy,no,yes,12 minutes ago
124.41.213.3,55089,NP,Nepal,elite proxy,no,yes,12 minutes ago
189.14.193.242,53281,BR,Brazil,elite proxy,no,no,12 minutes ago
195.62.70.254,8080,RU,Russian Federation,elite proxy,no,yes,12 minutes ago
181.129.74.58,34999,CO,Colombia,elite proxy,no,yes,12 minutes ago
117.103.5.186,44825,ID,Indonesia,elite proxy,no,no,12 minutes ago
24.106.221.230,53281,US,United States,elite proxy,no,yes,12 minutes ago
213.98.67.40,59525,ES,Spain,elite proxy,no,yes,12 minutes ago
87.247.19.126,53353,KZ,Kazakhstan,elite proxy,no,yes,12 minutes ago
95.78.174.219,60473,RU,Russian Federation,elite proxy,no,yes,12 minutes ago
58.97.72.83,8080,TH,Thailand,elite proxy,no,no,12 minutes ago
103.21.161.105,6666,IN,India,elite proxy,no,no,12 minutes ago
85.196.147.146,31784,BG,Bulgaria,elite proxy,no,yes,12 minutes ago
103.242.14.8,48791,KH,Cambodia,elite proxy,no,yes,12 minutes ago
46.173.105.151,41258,UA,Ukraine,elite proxy,no,yes,12 minutes ago
1.10.189.126,57959,TH,Thailand,elite proxy,no,yes,12 minutes ago
193.213.89.72,51024,NO,Norway,elite proxy,no,yes,12 minutes ago
103.74.108.145,49421,IN,India,elite proxy,no,yes,12 minutes ago
175.110.107.26,49145,PK,Pakistan,elite proxy,no,yes,12 minutes ago
190.15.215.93,58139,AR,Argentina,elite proxy,no,yes,12 minutes ago
36.91.44.243,37927,ID,Indonesia,elite proxy,no,yes,12 minutes ago
47.91.73.195,3128,DE,Germany,elite proxy,no,yes,12 minutes ago
202.136.88.58,38210,BD,Bangladesh,elite proxy,no,no,12 minutes ago
36.67.57.45,53367,ID,Indonesia,elite proxy,no,yes,12 minutes ago
103.6.104.104,38898,PH,Philippines,elite proxy,no,yes,12 minutes ago
45.248.138.210,59714,IN,India,elite proxy,no,yes,12 minutes ago
117.58.241.222,34208,BD,Bangladesh,elite proxy,no,yes,12 minutes ago
200.89.125.178,42483,CO,Colombia,elite proxy,no,yes,12 minutes ago
27.116.20.209,36630,IN,India,elite proxy,no,yes,12 minutes ago
178.237.208.78,50945,RS,Serbia,elite proxy,no,yes,12 minutes ago
128.0.179.234,41258,CZ,Czech Republic,elite proxy,no,yes,12 minutes ago
113.161.207.105,60626,VN,Vietnam,elite proxy,no,yes,12 minutes ago
118.137.175.87,8080,ID,Indonesia,elite proxy,no,yes,12 minutes ago
61.238.82.202,8080,HK,Hong Kong,elite proxy,no,yes,12 minutes ago
181.129.42.179,43532,CO,Colombia,elite proxy,no,yes,12 minutes ago
87.228.103.111,8080,RU,Russian Federation,elite proxy,no,yes,12 minutes ago
176.235.99.34,9090,TR,Turkey,elite proxy,no,yes,12 minutes ago
103.90.200.29,33362,IN,India,elite proxy,no,yes,12 minutes ago
5.188.105.9,8081,RU,Russian Federation,transparent,no,no,14 minutes ago
130.61.61.59,80,DE,Germany,transparent,no,no,19 minutes ago
14.102.69.170,49128,IN,India,elite proxy,no,yes,20 minutes ago
177.202.43.110,39335,BR,Brazil,elite proxy,no,yes,20 minutes ago
213.142.206.146,53281,RU,Russian Federation,elite proxy,no,yes,20 minutes ago
197.211.38.187,50272,NG,Nigeria,elite proxy,no,yes,20 minutes ago
194.242.98.254,60281,UA,Ukraine,elite proxy,no,no,20 minutes ago
176.101.89.226,33470,RU,Russian Federation,elite proxy,no,no,20 minutes ago
94.228.85.166,38510,SK,Slovakia,elite proxy,no,yes,20 minutes ago
1.179.147.5,39330,TH,Thailand,elite proxy,no,no,20 minutes ago
62.152.75.110,50287,RU,Russian Federation,elite proxy,no,yes,20 minutes ago
85.175.216.32,53281,RU,Russian Federation,elite proxy,no,no,20 minutes ago
31.204.180.44,53281,RU,Russian Federation,elite proxy,no,yes,20 minutes ago
43.224.8.116,6666,IN,India,elite proxy,no,no,20 minutes ago
91.92.10.112,8080,BG,Bulgaria,elite proxy,no,yes,20 minutes ago
104.3.189.30,38087,US,United States,elite proxy,no,no,20 minutes ago
197.44.255.76,46920,EG,Egypt,elite proxy,no,yes,20 minutes ago
103.21.163.76,6666,IN,India,elite proxy,no,no,20 minutes ago
191.7.195.254,45041,BR,Brazil,elite proxy,no,yes,20 minutes ago
41.0.82.166,53834,ZA,South Africa,elite proxy,no,yes,20 minutes ago
201.76.11.138,31181,BR,Brazil,elite proxy,no,no,20 minutes ago
103.251.225.18,35101,IN,India,elite proxy,no,yes,20 minutes ago
118.175.207.129,48139,TH,Thailand,elite proxy,no,no,20 minutes ago
170.246.85.106,50991,EC,Ecuador,elite proxy,no,no,20 minutes ago
185.61.92.207,43108,RU,Russian Federation,elite proxy,no,no,20 minutes ago
94.179.135.230,57654,UA,Ukraine,elite proxy,no,yes,20 minutes ago
93.78.205.197,57437,UA,Ukraine,elite proxy,no,no,20 minutes ago
190.6.200.158,38256,HN,Honduras,elite proxy,no,yes,20 minutes ago
88.248.23.216,36426,TR,Turkey,elite proxy,no,no,20 minutes ago
118.97.100.83,35220,ID,Indonesia,elite proxy,no,yes,20 minutes ago
103.57.70.248,55441,IN,India,elite proxy,no,yes,20 minutes ago
187.190.237.67,32509,MX,Mexico,elite proxy,no,no,20 minutes ago
194.5.179.101,8080,IR,Iran,transparent,no,no,20 minutes ago
78.186.203.137,51333,TR,Turkey,transparent,no,no,20 minutes ago
77.46.138.1,52792,RS,Serbia,elite proxy,no,yes,20 minutes ago
79.106.161.11,60124,AL,Albania,elite proxy,no,yes,20 minutes ago
167.172.225.43,3128,US,United States,elite proxy,no,yes,20 minutes ago
188.0.138.147,8080,KZ,Kazakhstan,elite proxy,no,yes,20 minutes ago
124.41.240.56,50526,NP,Nepal,elite proxy,no,yes,20 minutes ago
27.131.187.222,56830,TH,Thailand,elite proxy,no,yes,20 minutes ago
103.22.248.59,58278,ID,Indonesia,elite proxy,no,yes,20 minutes ago
189.204.241.44,56792,MX,Mexico,elite proxy,no,yes,20 minutes ago
5.59.105.17,39266,UA,Ukraine,elite proxy,no,yes,20 minutes ago
205.158.57.2,53281,US,United States,anonymous,no,yes,20 minutes ago
24.172.225.122,53281,US,United States,elite proxy,no,yes,20 minutes ago
191.98.184.122,38650,PE,Peru,elite proxy,no,yes,20 minutes ago
91.187.112.173,37750,AL,Albania,elite proxy,no,yes,20 minutes ago
103.108.47.49,45555,IN,India,elite proxy,no,yes,20 minutes ago
124.81.67.226,57997,ID,Indonesia,elite proxy,no,yes,20 minutes ago
194.8.136.62,55155,RU,Russian Federation,elite proxy,no,yes,20 minutes ago
186.219.214.13,32708,BR,Brazil,elite proxy,no,yes,20 minutes ago
190.214.26.90,53281,EC,Ecuador,elite proxy,no,yes,20 minutes ago
83.171.114.92,37999,RU,Russian Federation,elite proxy,no,yes,20 minutes ago
203.176.135.98,30540,KH,Cambodia,elite proxy,no,yes,20 minutes ago
24.226.146.46,41626,CA,Canada,elite proxy,no,yes,20 minutes ago
202.182.48.86,57942,ID,Indonesia,anonymous,no,yes,20 minutes ago
103.221.254.125,51630,BD,Bangladesh,anonymous,no,yes,20 minutes ago
190.214.9.10,41572,EC,Ecuador,elite proxy,no,yes,20 minutes ago
95.140.27.135,46078,RU,Russian Federation,elite proxy,no,yes,20 minutes ago
1.10.189.107,38096,TH,Thailand,elite proxy,no,yes,20 minutes ago
122.15.131.65,57873,IN,India,elite proxy,no,yes,20 minutes ago
109.199.77.83,55153,PL,Poland,elite proxy,no,yes,20 minutes ago
109.70.202.137,41258,IT,Italy,elite proxy,no,yes,20 minutes ago
46.246.42.216,8118,SE,Sweden,elite proxy,no,yes,20 minutes ago
200.199.114.226,33932,BR,Brazil,elite proxy,no,yes,20 minutes ago
167.172.250.105,3128,US,United States,anonymous,no,yes,20 minutes ago
129.205.138.186,57326,ZA,South Africa,elite proxy,no,yes,20 minutes ago
125.209.116.234,39301,PK,Pakistan,elite proxy,no,yes,20 minutes ago
187.190.237.17,32509,MX,Mexico,elite proxy,no,yes,20 minutes ago
203.173.93.20,30368,ID,Indonesia,elite proxy,no,yes,20 minutes ago
157.245.73.63,3128,NL,Netherlands,elite proxy,no,yes,20 minutes ago
186.211.106.227,34334,BR,Brazil,elite proxy,no,yes,20 minutes ago
212.126.107.2,31475,IQ,Iraq,elite proxy,no,yes,20 minutes ago
78.157.254.58,51008,RU,Russian Federation,elite proxy,no,yes,20 minutes ago
103.2.146.66,49089,ID,Indonesia,elite proxy,no,yes,20 minutes ago
103.25.168.22,38448,IN,India,elite proxy,no,yes,20 minutes ago
179.27.83.222,54260,UY,Uruguay,elite proxy,no,yes,20 minutes ago
103.253.113.23,61911,ID,Indonesia,elite proxy,no,yes,20 minutes ago
190.210.8.92,8080,AR,Argentina,elite proxy,no,yes,20 minutes ago
103.112.130.30,31094,BD,Bangladesh,elite proxy,no,yes,20 minutes ago
166.150.32.184,43539,US,United States,elite proxy,no,yes,20 minutes ago
222.121.116.26,40618,KR,Korea,elite proxy,no,yes,20 minutes ago
212.56.203.114,30640,MD,"Moldova, Republic of",elite proxy,no,yes,20 minutes ago
41.211.126.224,61255,CM,Cameroon,anonymous,no,yes,20 minutes ago
51.15.166.107,3128,FR,France,anonymous,no,yes,20 minutes ago
176.124.188.3,57576,RU,Russian Federation,elite proxy,no,yes,20 minutes ago
193.169.5.14,39602,RU,Russian Federation,transparent,no,no,22 minutes ago
1.2.169.81,8080,TH,Thailand,transparent,no,no,26 minutes ago
188.166.160.159,3128,DE,Germany,transparent,no,no,26 minutes ago
45.226.50.246,8080,BR,Brazil,transparent,no,no,26 minutes ago
175.101.13.125,8080,IN,India,transparent,no,no,26 minutes ago
168.227.48.201,8080,BR,Brazil,transparent,no,no,26 minutes ago
160.119.128.122,8080,GN,Guinea,transparent,no,no,26 minutes ago
189.51.98.118,48704,BR,Brazil,elite proxy,no,yes,30 minutes ago
91.214.240.19,51054,RU,Russian Federation,elite proxy,no,yes,30 minutes ago
131.255.118.30,53281,BR,Brazil,elite proxy,no,no,30 minutes ago
202.57.35.74,53911,PH,Philippines,elite proxy,no,yes,30 minutes ago
188.137.101.135,58325,PL,Poland,elite proxy,no,no,30 minutes ago
1.215.70.130,44072,KR,Korea,elite proxy,no,yes,1 minute ago
192.140.42.81,40242,BR,Brazil,elite proxy,no,yes,1 minute ago
36.37.177.186,8080,KH,Cambodia,elite proxy,no,yes,1 minute ago
41.223.155.118,53281,MZ,Mozambique,elite proxy,no,no,1 minute ago
103.9.188.135,46648,KH,Cambodia,elite proxy,no,yes,1 minute ago
103.220.204.101,59570,BD,Bangladesh,elite proxy,no,no,1 minute ago
118.174.220.133,50616,TH,Thailand,elite proxy,no,yes,1 minute ago
181.40.84.38,49674,PY,Paraguay,elite proxy,no,no,1 minute ago
82.135.148.201,8081,LT,Lithuania,elite proxy,no,no,1 minute ago
163.172.100.3,8123,FR,France,elite proxy,no,yes,1 minute ago
49.51.193.128,1080,US,United States,elite proxy,no,yes,1 minute ago
122.248.45.35,53281,ID,Indonesia,elite proxy,no,yes,1 minute ago
194.8.146.167,30051,UA,Ukraine,elite proxy,no,yes,1 minute ago
103.231.218.126,53281,IN,India,elite proxy,no,no,1 minute ago
182.191.84.39,80,PK,Pakistan,elite proxy,no,yes,1 minute ago
46.45.19.138,53281,RU,Russian Federation,elite proxy,no,yes,1 minute ago
176.192.5.238,61227,RU,Russian Federation,elite proxy,no,no,1 minute ago
101.109.143.71,36127,TH,Thailand,elite proxy,no,yes,1 minute ago
95.216.27.155,8118,FI,Finland,elite proxy,no,no,1 minute ago
5.9.218.104,1080,DE,Germany,elite proxy,no,yes,1 minute ago
201.75.0.21,53281,BR,Brazil,elite proxy,no,yes,1 minute ago
176.117.255.182,53100,RU,Russian Federation,elite proxy,no,no,1 minute ago
185.19.176.237,53281,RU,Russian Federation,elite proxy,no,yes,1 minute ago
95.84.168.158,42038,RU,Russian Federation,elite proxy,no,yes,1 minute ago
185.255.46.100,30678,IQ,Iraq,elite proxy,no,yes,1 minute ago
169.255.126.231,33440,NG,Nigeria,elite proxy,no,yes,1 minute ago
103.126.12.246,8080,BD,Bangladesh,anonymous,no,yes,1 minute ago
140.82.63.210,8888,US,United States,anonymous,no,yes,1 minute ago
148.251.200.199,1080,DE,Germany,elite proxy,no,no,1 minute ago
124.41.213.44,53931,NP,Nepal,elite proxy,no,no,1 minute ago
138.122.14.158,51692,BR,Brazil,elite proxy,no,yes,1 minute ago
47.254.147.132,3128,DE,Germany,elite proxy,no,yes,1 minute ago
31.0.213.224,60104,PL,Poland,transparent,no,no,1 minute ago
81.198.119.241,49923,LV,Latvia,elite proxy,no,no,1 minute ago
125.165.201.12,8080,ID,Indonesia,elite proxy,no,no,1 minute ago
185.59.247.77,41258,RU,Russian Federation,elite proxy,no,yes,1 minute ago
103.83.105.177,53281,IN,India,elite proxy,no,yes,1 minute ago
24.37.245.42,36836,CA,Canada,elite proxy,no,yes,1 minute ago
169.239.45.37,8080,ZA,South Africa,anonymous,no,yes,1 minute ago
110.74.199.16,63141,KH,Cambodia,elite proxy,no,yes,1 minute ago
78.153.120.33,55314,HU,Hungary,anonymous,no,yes,1 minute ago
82.146.44.105,3128,RU,Russian Federation,elite proxy,no,yes,1 minute ago
195.9.61.22,37489,RU,Russian Federation,elite proxy,no,yes,1 minute ago
46.229.187.169,53281,RU,Russian Federation,elite proxy,no,yes,1 minute ago
113.161.207.99,60626,VN,Vietnam,elite proxy,no,yes,1 minute ago
36.89.192.115,53219,ID,Indonesia,elite proxy,no,yes,1 minute ago
186.229.25.18,8080,BR,Brazil,elite proxy,no,yes,1 minute ago
45.120.119.55,59565,NZ,New Zealand,elite proxy,no,yes,1 minute ago
125.26.99.212,51591,TH,Thailand,elite proxy,no,yes,1 minute ago
42.115.88.12,32728,KH,Cambodia,anonymous,no,yes,1 minute ago
1.10.189.84,35138,TH,Thailand,elite proxy,no,yes,1 minute ago
45.235.87.65,53781,BR,Brazil,elite proxy,no,yes,1 minute ago
118.172.201.34,61429,TH,Thailand,anonymous,no,yes,1 minute ago
124.41.211.180,46862,NP,Nepal,elite proxy,no,yes,1 minute ago
175.100.5.52,35239,KH,Cambodia,anonymous,no,yes,1 minute ago
103.231.218.30,43708,IN,India,elite proxy,no,yes,1 minute ago
45.160.104.10,32835,BR,Brazil,elite proxy,no,yes,1 minute ago
109.251.185.20,53812,UA,Ukraine,elite proxy,no,yes,1 minute ago
190.82.82.146,49423,CL,Chile,anonymous,no,yes,1 minute ago
36.37.183.214,45719,KH,Cambodia,elite proxy,no,yes,1 minute ago
45.221.73.70,52904,UG,Uganda,elite proxy,no,yes,1 minute ago
182.52.51.154,32563,TH,Thailand,elite proxy,no,yes,1 minute ago
202.79.56.90,23500,NP,Nepal,elite proxy,no,yes,1 minute ago
36.255.234.243,42458,IN,India,anonymous,no,yes,1 minute ago
103.42.195.70,53281,IN,India,elite proxy,no,yes,1 minute ago
94.130.125.217,1080,DE,Germany,anonymous,no,yes,1 minute ago
43.252.18.140,56788,KH,Cambodia,elite proxy,no,yes,1 minute ago
114.57.49.66,53281,ID,Indonesia,elite proxy,no,yes,1 minute ago
81.89.113.142,46444,RU,Russian Federation,elite proxy,no,yes,1 minute ago
202.93.227.14,53281,ID,Indonesia,elite proxy,no,yes,1 minute ago
187.44.167.78,60786,BR,Brazil,elite proxy,no,yes,1 minute ago
103.204.171.202,53281,IN,India,elite proxy,no,yes,1 minute ago
91.203.236.226,48975,RU,Russian Federation,elite proxy,no,yes,1 minute ago
79.101.106.74,52792,RS,Serbia,elite proxy,no,yes,1 minute ago
185.32.165.78,8080,RU,Russian Federation,anonymous,no,yes,1 minute ago
157.119.207.35,8080,IN,India,elite proxy,no,yes,1 minute ago
78.60.130.181,48280,LT,Lithuania,elite proxy,no,yes,1 minute ago
190.242.41.133,8080,CO,Colombia,anonymous,no,yes,1 minute ago
103.132.187.30,53281,BD,Bangladesh,anonymous,no,yes,1 minute ago
177.130.55.126,60196,BR,Brazil,elite proxy,no,yes,1 minute ago
197.248.184.158,53281,KE,Kenya,anonymous,no,yes,1 minute ago
216.218.15.48,48974,CA,Canada,elite proxy,no,yes,1 minute ago
176.120.211.176,34262,RU,Russian Federation,anonymous,no,yes,1 minute ago
54.39.239.25,3128,CA,Canada,elite proxy,no,yes,1 minute ago
103.240.206.196,35101,IN,India,elite proxy,no,yes,1 minute ago
190.152.5.86,31532,EC,Ecuador,elite proxy,no,yes,1 minute ago
177.46.147.89,55166,BR,Brazil,elite proxy,no,yes,1 minute ago
90.183.101.238,43511,CZ,Czech Republic,anonymous,no,yes,1 minute ago
124.41.211.211,45864,NP,Nepal,elite proxy,no,yes,3 minutes ago
177.67.203.130,57028,BR,Brazil,elite proxy,no,yes,3 minutes ago
95.181.37.114,48734,RU,Russian Federation,elite proxy,no,no,3 minutes ago
117.206.148.31,36459,IN,India,elite proxy,no,no,3 minutes ago
95.128.144.1,41993,FR,France,elite proxy,no,yes,3 minutes ago
41.190.33.162,8080,ZW,Zimbabwe,elite proxy,no,no,3 minutes ago
212.200.27.134,8080,RS,Serbia,elite proxy,no,yes,3 minutes ago
103.9.188.160,57251,KH,Cambodia,elite proxy,no,yes,3 minutes ago
13.124.244.35,80,KR,Korea,elite proxy,no,no,3 minutes ago
202.182.121.205,8080,JP,Japan,anonymous,no,no,3 minutes ago
51.158.168.196,8080,FR,France,transparent,no,no,3 minutes ago
142.93.225.86,8888,NL,Netherlands,anonymous,no,no,3 minutes ago
142.93.130.227,3128,NL,Netherlands,elite proxy,no,yes,3 minutes ago
157.245.76.144,3128,NL,Netherlands,elite proxy,no,yes,3 minutes ago
185.134.96.37,8081,IR,Iran,transparent,no,no,10 minutes ago
175.100.180.131,53281,IN,India,elite proxy,no,yes,11 minutes ago
103.226.142.90,41386,IN,India,elite proxy,no,no,11 minutes ago
182.52.51.10,53965,TH,Thailand,elite proxy,no,yes,11 minutes ago
103.47.153.13,80,IN,India,anonymous,no,no,11 minutes ago
84.47.152.254,60666,RU,Russian Federation,elite proxy,no,yes,11 minutes ago
87.197.137.223,55622,SK,Slovakia,elite proxy,no,yes,11 minutes ago
45.55.27.15,8080,US,United States,anonymous,no,no,11 minutes ago
213.6.38.50,35308,PS,Palestinian Territory,elite proxy,no,yes,11 minutes ago
198.199.120.102,3128,US,United States,anonymous,no,no,11 minutes ago
194.181.82.190,35447,PL,Poland,elite proxy,no,yes,11 minutes ago
139.59.53.107,3128,IN,India,anonymous,no,no,11 minutes ago
93.157.196.90,44469,BA,Bosnia and Herzegovina,elite proxy,no,no,11 minutes ago
202.169.37.126,31333,ID,Indonesia,elite proxy,no,yes,11 minutes ago
123.27.3.246,32259,VN,Vietnam,elite proxy,no,yes,11 minutes ago
103.250.68.213,35713,BD,Bangladesh,elite proxy,no,yes,11 minutes ago
45.55.27.161,3128,US,United States,anonymous,no,no,11 minutes ago
161.202.226.194,8123,JP,Japan,elite proxy,no,no,11 minutes ago
139.59.53.105,3128,IN,India,anonymous,no,no,11 minutes ago
161.202.226.195,80,JP,Japan,elite proxy,no,no,11 minutes ago
139.59.53.106,8080,IN,India,anonymous,no,no,11 minutes ago
193.233.155.237,60875,RU,Russian Federation,elite proxy,no,yes,11 minutes ago
46.45.129.16,80,TR,Turkey,anonymous,no,no,11 minutes ago
103.23.103.203,32806,ID,Indonesia,elite proxy,no,yes,11 minutes ago
78.58.221.179,8888,LT,Lithuania,anonymous,no,no,11 minutes ago
95.65.73.200,41920,MD,"Moldova, Republic of",elite proxy,no,yes,11 minutes ago
34.95.103.27,80,US,United States,anonymous,no,no,11 minutes ago
169.57.157.146,8123,BR,Brazil,elite proxy,no,no,11 minutes ago
207.154.231.213,8080,DE,Germany,anonymous,no,no,11 minutes ago
103.194.90.30,42915,IN,India,elite proxy,no,yes,11 minutes ago
5.189.133.231,80,DE,Germany,elite proxy,no,no,11 minutes ago
178.62.193.19,8080,NL,Netherlands,anonymous,no,no,11 minutes ago
124.120.235.165,8118,TH,Thailand,anonymous,no,yes,11 minutes ago
95.85.36.236,8080,NL,Netherlands,anonymous,no,no,11 minutes ago
212.154.58.107,35116,TR,Turkey,elite proxy,no,yes,11 minutes ago
185.22.154.251,8081,RU,Russian Federation,transparent,no,no,11 minutes ago
92.124.150.6,3128,RU,Russian Federation,anonymous,no,yes,11 minutes ago
188.40.56.112,80,DE,Germany,elite proxy,no,no,11 minutes ago
195.211.160.88,44464,RU,Russian Federation,elite proxy,no,yes,11 minutes ago
159.65.151.96,8080,IN,India,anonymous,no,no,11 minutes ago
41.85.191.6,57797,BJ,Benin,elite proxy,no,yes,12 minutes ago
177.94.206.67,60666,BR,Brazil,elite proxy,no,yes,12 minutes ago
50.197.38.230,60724,US,United States,elite proxy,no,yes,12 minutes ago
190.157.247.65,53281,CO,Colombia,elite proxy,no,yes,12 minutes ago
103.88.234.58,32413,BD,Bangladesh,elite proxy,no,yes,12 minutes ago
202.79.34.149,47215,NP,Nepal,elite proxy,no,yes,12 minutes ago
89.165.218.82,47886,RO,Romania,elite proxy,no,yes,12 minutes ago
37.186.6.25,38310,AT,Austria,elite proxy,no,yes,12 minutes ago
200.33.152.207,45226,BR,Brazil,elite proxy,no,yes,12 minutes ago
202.138.242.41,33270,ID,Indonesia,elite proxy,no,yes,12 minutes ago
118.175.93.132,61684,TH,Thailand,elite proxy,no,yes,12 minutes ago
124.41.211.186,43523,NP,Nepal,elite proxy,no,no,12 minutes ago
120.29.155.59,60004,ID,Indonesia,elite proxy,no,yes,12 minutes ago
190.122.97.42,3128,DO,Dominican Republic,elite proxy,no,yes,12 minutes ago
109.238.222.5,49462,CZ,Czech Republic,elite proxy,no,yes,12 minutes ago
43.246.140.4,43091,IN,India,elite proxy,no,no,12 minutes ago
103.57.143.246,61148,IN,India,elite proxy,no,yes,12 minutes ago
117.2.17.26,53281,VN,Vietnam,elite proxy,no,yes,12 minutes ago
212.72.159.22,30323,GE,Georgia,elite proxy,no,yes,12 minutes ago
1.20.97.4,52237,TH,Thailand,elite proxy,no,yes,12 minutes ago
81.163.57.147,41258,RU,Russian Federation,elite proxy,no,no,12 minutes ago
155.0.181.254,56874,ZM,Zambia,elite proxy,no,yes,12 minutes ago
75.151.213.85,8080,US,United States,elite proxy,no,yes,12 minutes ago
124.41.213.3,55089,NP,Nepal,elite proxy,no,yes,12 minutes ago
189.14.193.242,53281,BR,Brazil,elite proxy,no,no,12 minutes ago
195.62.70.254,8080,RU,Russian Federation,elite proxy,no,yes,12 minutes ago
181.129.74.58,34999,CO,Colombia,elite proxy,no,yes,12 minutes ago
117.103.5.186,44825,ID,Indonesia,elite proxy,no,no,12 minutes ago
24.106.221.230,53281,US,United States,elite proxy,no,yes,12 minutes ago
213.98.67.40,59525,ES,Spain,elite proxy,no,yes,12 minutes ago
87.247.19.126,53353,KZ,Kazakhstan,elite proxy,no,yes,12 minutes ago
95.78.174.219,60473,RU,Russian Federation,elite proxy,no,yes,12 minutes ago
58.97.72.83,8080,TH,Thailand,elite proxy,no,no,12 minutes ago
103.21.161.105,6666,IN,India,elite proxy,no,no,12 minutes ago
85.196.147.146,31784,BG,Bulgaria,elite proxy,no,yes,12 minutes ago
103.242.14.8,48791,KH,Cambodia,elite proxy,no,yes,12 minutes ago
46.173.105.151,41258,UA,Ukraine,elite proxy,no,yes,12 minutes ago
1.10.189.126,57959,TH,Thailand,elite proxy,no,yes,12 minutes ago
193.213.89.72,51024,NO,Norway,elite proxy,no,yes,12 minutes ago
103.74.108.145,49421,IN,India,elite proxy,no,yes,12 minutes ago
175.110.107.26,49145,PK,Pakistan,elite proxy,no,yes,12 minutes ago
190.15.215.93,58139,AR,Argentina,elite proxy,no,yes,12 minutes ago
36.91.44.243,37927,ID,Indonesia,elite proxy,no,yes,12 minutes ago
47.91.73.195,3128,DE,Germany,elite proxy,no,yes,12 minutes ago
202.136.88.58,38210,BD,Bangladesh,elite proxy,no,no,12 minutes ago
36.67.57.45,53367,ID,Indonesia,elite proxy,no,yes,12 minutes ago
103.6.104.104,38898,PH,Philippines,elite proxy,no,yes,12 minutes ago
45.248.138.210,59714,IN,India,elite proxy,no,yes,12 minutes ago
117.58.241.222,34208,BD,Bangladesh,elite proxy,no,yes,12 minutes ago
200.89.125.178,42483,CO,Colombia,elite proxy,no,yes,12 minutes ago
27.116.20.209,36630,IN,India,elite proxy,no,yes,12 minutes ago
178.237.208.78,50945,RS,Serbia,elite proxy,no,yes,12 minutes ago
128.0.179.234,41258,CZ,Czech Republic,elite proxy,no,yes,12 minutes ago
113.161.207.105,60626,VN,Vietnam,elite proxy,no,yes,12 minutes ago
118.137.175.87,8080,ID,Indonesia,elite proxy,no,yes,12 minutes ago
61.238.82.202,8080,HK,Hong Kong,elite proxy,no,yes,12 minutes ago
181.129.42.179,43532,CO,Colombia,elite proxy,no,yes,12 minutes ago
87.228.103.111,8080,RU,Russian Federation,elite proxy,no,yes,12 minutes ago
176.235.99.34,9090,TR,Turkey,elite proxy,no,yes,12 minutes ago
103.90.200.29,33362,IN,India,elite proxy,no,yes,12 minutes ago
5.188.105.9,8081,RU,Russian Federation,transparent,no,no,14 minutes ago
130.61.61.59,80,DE,Germany,transparent,no,no,19 minutes ago
14.102.69.170,49128,IN,India,elite proxy,no,yes,20 minutes ago
177.202.43.110,39335,BR,Brazil,elite proxy,no,yes,20 minutes ago
213.142.206.146,53281,RU,Russian Federation,elite proxy,no,yes,20 minutes ago
197.211.38.187,50272,NG,Nigeria,elite proxy,no,yes,20 minutes ago
194.242.98.254,60281,UA,Ukraine,elite proxy,no,no,20 minutes ago
176.101.89.226,33470,RU,Russian Federation,elite proxy,no,no,20 minutes ago
94.228.85.166,38510,SK,Slovakia,elite proxy,no,yes,20 minutes ago
1.179.147.5,39330,TH,Thailand,elite proxy,no,no,20 minutes ago
62.152.75.110,50287,RU,Russian Federation,elite proxy,no,yes,20 minutes ago
85.175.216.32,53281,RU,Russian Federation,elite proxy,no,no,20 minutes ago
31.204.180.44,53281,RU,Russian Federation,elite proxy,no,yes,20 minutes ago
43.224.8.116,6666,IN,India,elite proxy,no,no,20 minutes ago
91.92.10.112,8080,BG,Bulgaria,elite proxy,no,yes,20 minutes ago
104.3.189.30,38087,US,United States,elite proxy,no,no,20 minutes ago
197.44.255.76,46920,EG,Egypt,elite proxy,no,yes,20 minutes ago
103.21.163.76,6666,IN,India,elite proxy,no,no,20 minutes ago
191.7.195.254,45041,BR,Brazil,elite proxy,no,yes,20 minutes ago
41.0.82.166,53834,ZA,South Africa,elite proxy,no,yes,20 minutes ago
201.76.11.138,31181,BR,Brazil,elite proxy,no,no,20 minutes ago
103.251.225.18,35101,IN,India,elite proxy,no,yes,20 minutes ago
118.175.207.129,48139,TH,Thailand,elite proxy,no,no,20 minutes ago
170.246.85.106,50991,EC,Ecuador,elite proxy,no,no,20 minutes ago
185.61.92.207,43108,RU,Russian Federation,elite proxy,no,no,20 minutes ago
94.179.135.230,57654,UA,Ukraine,elite proxy,no,yes,20 minutes ago
93.78.205.197,57437,UA,Ukraine,elite proxy,no,no,20 minutes ago
190.6.200.158,38256,HN,Honduras,elite proxy,no,yes,20 minutes ago
88.248.23.216,36426,TR,Turkey,elite proxy,no,no,20 minutes ago
118.97.100.83,35220,ID,Indonesia,elite proxy,no,yes,20 minutes ago
103.57.70.248,55441,IN,India,elite proxy,no,yes,20 minutes ago
187.190.237.67,32509,MX,Mexico,elite proxy,no,no,20 minutes ago
194.5.179.101,8080,IR,Iran,transparent,no,no,20 minutes ago
78.186.203.137,51333,TR,Turkey,transparent,no,no,20 minutes ago
77.46.138.1,52792,RS,Serbia,elite proxy,no,yes,20 minutes ago
79.106.161.11,60124,AL,Albania,elite proxy,no,yes,20 minutes ago
167.172.225.43,3128,US,United States,elite proxy,no,yes,20 minutes ago
188.0.138.147,8080,KZ,Kazakhstan,elite proxy,no,yes,20 minutes ago
124.41.240.56,50526,NP,Nepal,elite proxy,no,yes,20 minutes ago
27.131.187.222,56830,TH,Thailand,elite proxy,no,yes,20 minutes ago
103.22.248.59,58278,ID,Indonesia,elite proxy,no,yes,20 minutes ago
189.204.241.44,56792,MX,Mexico,elite proxy,no,yes,20 minutes ago
5.59.105.17,39266,UA,Ukraine,elite proxy,no,yes,20 minutes ago
205.158.57.2,53281,US,United States,anonymous,no,yes,20 minutes ago
24.172.225.122,53281,US,United States,elite proxy,no,yes,20 minutes ago
191.98.184.122,38650,PE,Peru,elite proxy,no,yes,20 minutes ago
91.187.112.173,37750,AL,Albania,elite proxy,no,yes,20 minutes ago
103.108.47.49,45555,IN,India,elite proxy,no,yes,20 minutes ago
124.81.67.226,57997,ID,Indonesia,elite proxy,no,yes,20 minutes ago
194.8.136.62,55155,RU,Russian Federation,elite proxy,no,yes,20 minutes ago
186.219.214.13,32708,BR,Brazil,elite proxy,no,yes,20 minutes ago
190.214.26.90,53281,EC,Ecuador,elite proxy,no,yes,20 minutes ago
83.171.114.92,37999,RU,Russian Federation,elite proxy,no,yes,20 minutes ago
203.176.135.98,30540,KH,Cambodia,elite proxy,no,yes,20 minutes ago
24.226.146.46,41626,CA,Canada,elite proxy,no,yes,20 minutes ago
202.182.48.86,57942,ID,Indonesia,anonymous,no,yes,20 minutes ago
103.221.254.125,51630,BD,Bangladesh,anonymous,no,yes,20 minutes ago
190.214.9.10,41572,EC,Ecuador,elite proxy,no,yes,20 minutes ago
95.140.27.135,46078,RU,Russian Federation,elite proxy,no,yes,20 minutes ago
1.10.189.107,38096,TH,Thailand,elite proxy,no,yes,20 minutes ago
122.15.131.65,57873,IN,India,elite proxy,no,yes,20 minutes ago
109.199.77.83,55153,PL,Poland,elite proxy,no,yes,20 minutes ago
109.70.202.137,41258,IT,Italy,elite proxy,no,yes,20 minutes ago
46.246.42.216,8118,SE,Sweden,elite proxy,no,yes,20 minutes ago
200.199.114.226,33932,BR,Brazil,elite proxy,no,yes,20 minutes ago
167.172.250.105,3128,US,United States,anonymous,no,yes,20 minutes ago
129.205.138.186,57326,ZA,South Africa,elite proxy,no,yes,20 minutes ago
125.209.116.234,39301,PK,Pakistan,elite proxy,no,yes,20 minutes ago
187.190.237.17,32509,MX,Mexico,elite proxy,no,yes,20 minutes ago
203.173.93.20,30368,ID,Indonesia,elite proxy,no,yes,20 minutes ago
157.245.73.63,3128,NL,Netherlands,elite proxy,no,yes,20 minutes ago
186.211.106.227,34334,BR,Brazil,elite proxy,no,yes,20 minutes ago
212.126.107.2,31475,IQ,Iraq,elite proxy,no,yes,20 minutes ago
78.157.254.58,51008,RU,Russian Federation,elite proxy,no,yes,20 minutes ago
103.2.146.66,49089,ID,Indonesia,elite proxy,no,yes,20 minutes ago
103.25.168.22,38448,IN,India,elite proxy,no,yes,20 minutes ago
179.27.83.222,54260,UY,Uruguay,elite proxy,no,yes,20 minutes ago
103.253.113.23,61911,ID,Indonesia,elite proxy,no,yes,20 minutes ago
190.210.8.92,8080,AR,Argentina,elite proxy,no,yes,20 minutes ago
103.112.130.30,31094,BD,Bangladesh,elite proxy,no,yes,20 minutes ago
166.150.32.184,43539,US,United States,elite proxy,no,yes,20 minutes ago
222.121.116.26,40618,KR,Korea,elite proxy,no,yes,20 minutes ago
212.56.203.114,30640,MD,"Moldova, Republic of",elite proxy,no,yes,20 minutes ago
41.211.126.224,61255,CM,Cameroon,anonymous,no,yes,20 minutes ago
51.15.166.107,3128,FR,France,anonymous,no,yes,20 minutes ago
176.124.188.3,57576,RU,Russian Federation,elite proxy,no,yes,20 minutes ago
193.169.5.14,39602,RU,Russian Federation,transparent,no,no,22 minutes ago
1.2.169.81,8080,TH,Thailand,transparent,no,no,26 minutes ago
188.166.160.159,3128,DE,Germany,transparent,no,no,26 minutes ago
45.226.50.246,8080,BR,Brazil,transparent,no,no,26 minutes ago
175.101.13.125,8080,IN,India,transparent,no,no,26 minutes ago
168.227.48.201,8080,BR,Brazil,transparent,no,no,26 minutes ago
160.119.128.122,8080,GN,Guinea,transparent,no,no,26 minutes ago
189.51.98.118,48704,BR,Brazil,elite proxy,no,yes,30 minutes ago
91.214.240.19,51054,RU,Russian Federation,elite proxy,no,yes,30 minutes ago
131.255.118.30,53281,BR,Brazil,elite proxy,no,no,30 minutes ago
202.57.35.74,53911,PH,Philippines,elite proxy,no,yes,30 minutes ago
188.137.101.135,58325,PL,Poland,elite proxy,no,no,30 minutes ago
